{
	"info": {
		"_postman_id": "1389f628-efd9-494a-a9c6-baa38e6cedcf",
		"name": "Actividad-9 ~ Grupo 6",
		"description": "<strong>Monografico No. 48</strong><br>\n<strong>Actividad No. 9</strong>\n<br>\n<br>\n<strong>Integrantes:</strong>\n\n<ul>\n<li>Ever Cuevas Rodriguez - 100066025</li>\n<li>David José Cabrera Rosario - 100264119 </li>\n<li>Mariano Castillo Martínez - 100102792 </li>\n</ul>",
		"schema": "https://schema.getpostman.com/json/collection/v2.1.0/collection.json"
	},
	"item": [
		{
			"name": "Client",
			"item": [
				{
					"name": "Retrieve",
					"event": [
						{
							"listen": "test",
							"script": {
								"exec": [
									"pm.test(\"Status code is 200\", function () {\r",
									"    pm.response.to.have.status(200);\r",
									"});\r",
									"\r",
									"pm.test(\"Response time is less than 80ms\", function () {\r",
									"    pm.expect(pm.response.responseTime).to.be.below(80);\r",
									"});\r",
									"\r",
									"pm.test(\"Response should be JSON\", function(){\r",
									"    pm.response.to.be.json;\r",
									"});\r",
									"\r",
									"pm.test(\"Check ID\", function(){\r",
									"    let response = pm.response.json();\r",
									"    pm.expect(response.id).to.eql(2)\r",
									"})\r",
									""
								],
								"type": "text/javascript"
							}
						}
					],
					"request": {
						"method": "GET",
						"header": [
							{
								"key": "Accept",
								"value": "application/json",
								"type": "text"
							}
						],
						"url": {
							"raw": "{{url}}/client/2/",
							"host": [
								"{{url}}"
							],
							"path": [
								"client",
								"2",
								""
							]
						}
					},
					"response": [
						{
							"name": "One Client",
							"originalRequest": {
								"method": "GET",
								"header": [
									{
										"key": "Accept",
										"value": "application/json",
										"type": "text"
									}
								],
								"url": {
									"raw": "{{url}}/client/2/",
									"host": [
										"{{url}}"
									],
									"path": [
										"client",
										"2",
										""
									]
								}
							},
							"status": "OK",
							"code": 200,
							"_postman_previewlanguage": "json",
							"header": [
								{
									"key": "Date",
									"value": "Sun, 17 Apr 2022 22:50:07 GMT"
								},
								{
									"key": "Server",
									"value": "WSGIServer/0.2 CPython/3.9.10"
								},
								{
									"key": "Content-Type",
									"value": "application/json"
								},
								{
									"key": "Vary",
									"value": "Accept, Cookie"
								},
								{
									"key": "Allow",
									"value": "GET, PUT, DELETE, HEAD, OPTIONS"
								},
								{
									"key": "X-Frame-Options",
									"value": "DENY"
								},
								{
									"key": "Content-Length",
									"value": "59"
								},
								{
									"key": "X-Content-Type-Options",
									"value": "nosniff"
								},
								{
									"key": "Referrer-Policy",
									"value": "same-origin"
								},
								{
									"key": "Cross-Origin-Opener-Policy",
									"value": "same-origin"
								}
							],
							"cookie": [],
							"body": "{\n    \"id\": 2,\n    \"first_name\": \"Maria\",\n    \"last_name\": \"Robles\",\n    \"age\": 27\n}"
						}
					]
				},
				{
					"name": "List",
					"event": [
						{
							"listen": "test",
							"script": {
								"exec": [
									"pm.test(\"Status code is 200\", function () {\r",
									"    pm.response.to.have.status(200);\r",
									"});\r",
									"\r",
									"pm.test(\"Response should be JSON\", function(){\r",
									"    pm.response.to.be.json;\r",
									"});\r",
									"\r",
									"pm.test(\"Response time is less than 80ms\", function () {\r",
									"    pm.expect(pm.response.responseTime).to.be.below(80);\r",
									"});\r",
									"\r",
									""
								],
								"type": "text/javascript"
							}
						}
					],
					"request": {
						"method": "GET",
						"header": [
							{
								"key": "Accept",
								"value": "application/json",
								"type": "text"
							}
						],
						"url": {
							"raw": "{{url}}/client/",
							"host": [
								"{{url}}"
							],
							"path": [
								"client",
								""
							]
						}
					},
					"response": [
						{
							"name": "Clientes Lists",
							"originalRequest": {
								"method": "GET",
								"header": [
									{
										"key": "Accept",
										"value": "application/json",
										"type": "text"
									}
								],
								"url": {
									"raw": "{{url}}/client/",
									"host": [
										"{{url}}"
									],
									"path": [
										"client",
										""
									]
								}
							},
							"status": "OK",
							"code": 200,
							"_postman_previewlanguage": "json",
							"header": [
								{
									"key": "Date",
									"value": "Sun, 17 Apr 2022 22:40:01 GMT"
								},
								{
									"key": "Server",
									"value": "WSGIServer/0.2 CPython/3.9.10"
								},
								{
									"key": "Content-Type",
									"value": "application/json"
								},
								{
									"key": "Vary",
									"value": "Accept, Cookie"
								},
								{
									"key": "Allow",
									"value": "GET, POST, HEAD, OPTIONS"
								},
								{
									"key": "X-Frame-Options",
									"value": "DENY"
								},
								{
									"key": "Content-Length",
									"value": "305"
								},
								{
									"key": "X-Content-Type-Options",
									"value": "nosniff"
								},
								{
									"key": "Referrer-Policy",
									"value": "same-origin"
								},
								{
									"key": "Cross-Origin-Opener-Policy",
									"value": "same-origin"
								}
							],
							"cookie": [],
							"body": "[\n    {\n        \"id\": 2,\n        \"first_name\": \"Maria\",\n        \"last_name\": \"Robles\",\n        \"age\": 27\n    },\n    {\n        \"id\": 3,\n        \"first_name\": \"Sandra\",\n        \"last_name\": \"Perez\",\n        \"age\": 18\n    },\n    {\n        \"id\": 4,\n        \"first_name\": \"Rebeca\",\n        \"last_name\": \"Agosto\",\n        \"age\": 23\n    },\n    {\n        \"id\": 5,\n        \"first_name\": \"Kenny\",\n        \"last_name\": \"Gonzalez\",\n        \"age\": 69\n    },\n    {\n        \"id\": 6,\n        \"first_name\": \"José\",\n        \"last_name\": \"Acevedo\",\n        \"age\": 25\n    }\n]"
						}
					]
				},
				{
					"name": "Destroy",
					"event": [
						{
							"listen": "test",
							"script": {
								"exec": [
									"pm.test(\"Status code is 200\", function () {\r",
									"    pm.response.to.have.status(200);\r",
									"});"
								],
								"type": "text/javascript"
							}
						}
					],
					"request": {
						"method": "DELETE",
						"header": [
							{
								"key": "Accept",
								"value": "application/json",
								"type": "text"
							},
							{
								"key": "token",
								"value": "{{token}}",
								"type": "text"
							}
						],
						"body": {
							"mode": "raw",
							"raw": "",
							"options": {
								"raw": {
									"language": "json"
								}
							}
						},
						"url": {
							"raw": "{{url}}/client/6/",
							"host": [
								"{{url}}"
							],
							"path": [
								"client",
								"6",
								""
							]
						}
					},
					"response": []
				},
				{
					"name": "Create",
					"event": [
						{
							"listen": "prerequest",
							"script": {
								"exec": [
									""
								],
								"type": "text/javascript"
							}
						},
						{
							"listen": "test",
							"script": {
								"exec": [
									"pm.test(\"Successful POST request\", function () {\r",
									"    pm.expect(pm.response.code).to.be.oneOf([201, 202]);\r",
									"});\r",
									"\r",
									"pm.test(\"Response time is less than 200ms\", function () {\r",
									"    pm.expect(pm.response.responseTime).to.be.below(200);\r",
									"});"
								],
								"type": "text/javascript"
							}
						}
					],
					"request": {
						"method": "POST",
						"header": [
							{
								"key": "Accept",
								"value": "application/json",
								"type": "text"
							}
						],
						"body": {
							"mode": "raw",
							"raw": "{\n    \"first_name\": \"José\",\n    \"last_name\": \"Acevedo\",\n    \"age\": 25\n}",
							"options": {
								"raw": {
									"language": "json"
								}
							}
						},
						"url": {
							"raw": "{{url}}/client/",
							"host": [
								"{{url}}"
							],
							"path": [
								"client",
								""
							]
						}
					},
					"response": [
						{
							"name": "Create Client",
							"originalRequest": {
								"method": "POST",
								"header": [
									{
										"key": "Accept",
										"value": "application/json",
										"type": "text"
									}
								],
								"body": {
									"mode": "raw",
									"raw": "{\n    \"first_name\": \"Mario\",\n    \"last_name\": \"Robles\",\n    \"age\": 47\n}",
									"options": {
										"raw": {
											"language": "json"
										}
									}
								},
								"url": {
									"raw": "{{url}}/client/",
									"host": [
										"{{url}}"
									],
									"path": [
										"client",
										""
									]
								}
							},
							"status": "Created",
							"code": 201,
							"_postman_previewlanguage": "plain",
							"header": [
								{
									"key": "Date",
									"value": "Sun, 17 Apr 2022 22:51:41 GMT"
								},
								{
									"key": "Server",
									"value": "WSGIServer/0.2 CPython/3.9.10"
								},
								{
									"key": "Vary",
									"value": "Accept, Cookie"
								},
								{
									"key": "Allow",
									"value": "GET, POST, HEAD, OPTIONS"
								},
								{
									"key": "X-Frame-Options",
									"value": "DENY"
								},
								{
									"key": "Content-Length",
									"value": "0"
								},
								{
									"key": "X-Content-Type-Options",
									"value": "nosniff"
								},
								{
									"key": "Referrer-Policy",
									"value": "same-origin"
								},
								{
									"key": "Cross-Origin-Opener-Policy",
									"value": "same-origin"
								}
							],
							"cookie": [],
							"body": null
						}
					]
				},
				{
					"name": "Update",
					"event": [
						{
							"listen": "test",
							"script": {
								"exec": [
									"pm.test(\"Status code is 200\", function () {\r",
									"    pm.response.to.have.status(200);\r",
									"});\r",
									"\r",
									"pm.test(\"Response time is less than 200ms\", function () {\r",
									"    pm.expect(pm.response.responseTime).to.be.below(200);\r",
									"});"
								],
								"type": "text/javascript"
							}
						}
					],
					"request": {
						"method": "PUT",
						"header": [
							{
								"key": "Accept",
								"value": "application/json",
								"type": "text"
							}
						],
						"body": {
							"mode": "raw",
							"raw": "{\n    \"first_name\": \"Rebeca\",\n    \"last_name\": \"Agosto Acevedo\",\n    \"age\": 23\n}",
							"options": {
								"raw": {
									"language": "json"
								}
							}
						},
						"url": {
							"raw": "{{url}}/client/4/",
							"host": [
								"{{url}}"
							],
							"path": [
								"client",
								"4",
								""
							]
						}
					},
					"response": []
				}
			],
			"description": "Entidad para registrar los clientes del sistema."
		},
		{
			"name": "Phone",
			"item": [
				{
					"name": "Retrieve",
					"event": [
						{
							"listen": "test",
							"script": {
								"exec": [
									"pm.test(\"Status code is 200\", function () {\r",
									"    pm.response.to.have.status(200);\r",
									"});\r",
									"\r",
									"pm.test(\"Response time is less than 80ms\", function () {\r",
									"    pm.expect(pm.response.responseTime).to.be.below(80);\r",
									"});\r",
									"\r",
									"pm.test(\"Response should be JSON\", function(){\r",
									"    pm.response.to.be.json;\r",
									"});\r",
									"\r",
									"pm.test(\"Check ID\", function(){\r",
									"    let response = pm.response.json();\r",
									"    pm.expect(response.id).to.eql(2)\r",
									"})\r",
									""
								],
								"type": "text/javascript"
							}
						}
					],
					"request": {
						"method": "GET",
						"header": [
							{
								"key": "Accept",
								"value": "application/json",
								"type": "text"
							}
						],
						"url": {
							"raw": "{{url}}/phone/2/",
							"host": [
								"{{url}}"
							],
							"path": [
								"phone",
								"2",
								""
							]
						}
					},
					"response": [
						{
							"name": "One Phene",
							"originalRequest": {
								"method": "GET",
								"header": [
									{
										"key": "Accept",
										"value": "application/json",
										"type": "text"
									}
								],
								"url": {
									"raw": "{{url}}/phone/2/",
									"host": [
										"{{url}}"
									],
									"path": [
										"phone",
										"2",
										""
									]
								}
							},
							"status": "OK",
							"code": 200,
							"_postman_previewlanguage": "json",
							"header": [
								{
									"key": "Date",
									"value": "Sun, 17 Apr 2022 22:50:40 GMT"
								},
								{
									"key": "Server",
									"value": "WSGIServer/0.2 CPython/3.9.10"
								},
								{
									"key": "Content-Type",
									"value": "application/json"
								},
								{
									"key": "Vary",
									"value": "Accept, Cookie"
								},
								{
									"key": "Allow",
									"value": "GET, PUT, DELETE, HEAD, OPTIONS"
								},
								{
									"key": "X-Frame-Options",
									"value": "DENY"
								},
								{
									"key": "Content-Length",
									"value": "40"
								},
								{
									"key": "X-Content-Type-Options",
									"value": "nosniff"
								},
								{
									"key": "Referrer-Policy",
									"value": "same-origin"
								},
								{
									"key": "Cross-Origin-Opener-Policy",
									"value": "same-origin"
								}
							],
							"cookie": [],
							"body": "{\n    \"id\": 2,\n    \"phone\": \"8096543432\",\n    \"client\": 2\n}"
						}
					]
				},
				{
					"name": "List",
					"event": [
						{
							"listen": "test",
							"script": {
								"exec": [
									"pm.test(\"Status code is 200\", function () {\r",
									"    pm.response.to.have.status(200);\r",
									"});\r",
									"\r",
									"pm.test(\"Response should be JSON\", function(){\r",
									"    pm.response.to.be.json;\r",
									"});\r",
									"\r",
									"pm.test(\"Response time is less than 80ms\", function () {\r",
									"    pm.expect(pm.response.responseTime).to.be.below(80);\r",
									"});\r",
									""
								],
								"type": "text/javascript"
							}
						}
					],
					"request": {
						"method": "GET",
						"header": [
							{
								"key": "Accept",
								"value": "application/json",
								"type": "text"
							}
						],
						"url": {
							"raw": "{{url}}/phone/",
							"host": [
								"{{url}}"
							],
							"path": [
								"phone",
								""
							]
						}
					},
					"response": [
						{
							"name": "Phone List",
							"originalRequest": {
								"method": "GET",
								"header": [
									{
										"key": "Accept",
										"value": "application/json",
										"type": "text"
									}
								],
								"url": {
									"raw": "{{url}}/phone/",
									"host": [
										"{{url}}"
									],
									"path": [
										"phone",
										""
									]
								}
							},
							"status": "OK",
							"code": 200,
							"_postman_previewlanguage": "json",
							"header": [
								{
									"key": "Date",
									"value": "Sun, 17 Apr 2022 22:50:26 GMT"
								},
								{
									"key": "Server",
									"value": "WSGIServer/0.2 CPython/3.9.10"
								},
								{
									"key": "Content-Type",
									"value": "application/json"
								},
								{
									"key": "Vary",
									"value": "Accept, Cookie"
								},
								{
									"key": "Allow",
									"value": "GET, POST, HEAD, OPTIONS"
								},
								{
									"key": "X-Frame-Options",
									"value": "DENY"
								},
								{
									"key": "Content-Length",
									"value": "83"
								},
								{
									"key": "X-Content-Type-Options",
									"value": "nosniff"
								},
								{
									"key": "Referrer-Policy",
									"value": "same-origin"
								},
								{
									"key": "Cross-Origin-Opener-Policy",
									"value": "same-origin"
								}
							],
							"cookie": [],
							"body": "[\n    {\n        \"id\": 1,\n        \"phone\": \"8092346789\",\n        \"client\": 2\n    },\n    {\n        \"id\": 2,\n        \"phone\": \"8096543432\",\n        \"client\": 2\n    }\n]"
						}
					]
				},
				{
					"name": "Destroy",
					"event": [
						{
							"listen": "test",
							"script": {
								"exec": [
									"pm.test(\"Status code is 200\", function () {\r",
									"    pm.response.to.have.status(200);\r",
									"});\r",
									"\r",
									"pm.test(\"Response time is less than 80ms\", function () {\r",
									"    pm.expect(pm.response.responseTime).to.be.below(80);\r",
									"});"
								],
								"type": "text/javascript"
							}
						}
					],
					"request": {
						"method": "DELETE",
						"header": [
							{
								"key": "Accept",
								"value": "application/json",
								"type": "text"
							},
							{
								"key": "token",
								"value": "{{token}}",
								"type": "text"
							}
						],
						"url": {
							"raw": "{{url}}/phone/4/",
							"host": [
								"{{url}}"
							],
							"path": [
								"phone",
								"4",
								""
							]
						}
					},
					"response": []
				},
				{
					"name": "Create",
					"event": [
						{
							"listen": "test",
							"script": {
								"exec": [
									"pm.test(\"Successful POST request\", function () {\r",
									"    pm.expect(pm.response.code).to.be.oneOf([201, 202]);\r",
									"});\r",
									"\r",
									"pm.test(\"Response time is less than 80ms\", function () {\r",
									"    pm.expect(pm.response.responseTime).to.be.below(80);\r",
									"});"
								],
								"type": "text/javascript"
							}
						}
					],
					"request": {
						"method": "POST",
						"header": [
							{
								"key": "Accept",
								"value": "application/json",
								"type": "text"
							}
						],
						"body": {
							"mode": "raw",
							"raw": "{\n    \"client\": 5,\n    \"country_code\": \"1\",\n    \"phone\": \"555-555-0000\"\n}",
							"options": {
								"raw": {
									"language": "json"
								}
							}
						},
						"url": {
							"raw": "{{url}}/phone/",
							"host": [
								"{{url}}"
							],
							"path": [
								"phone",
								""
							]
						}
					},
					"response": []
				},
				{
					"name": "Update",
					"event": [
						{
							"listen": "test",
							"script": {
								"exec": [
									"pm.test(\"Status code is 200\", function () {\r",
									"    pm.response.to.have.status(200);\r",
									"});\r",
									"\r",
									"pm.test(\"Response time is less than 80ms\", function () {\r",
									"    pm.expect(pm.response.responseTime).to.be.below(80);\r",
									"});"
								],
								"type": "text/javascript"
							}
						}
					],
					"request": {
						"method": "PUT",
						"header": [
							{
								"key": "Accept",
								"value": "application/json",
								"type": "text"
							}
						],
						"body": {
							"mode": "raw",
							"raw": "{\n        \"id\": 4,\n        \"phone\": \"555-555-1010\",\n        \"client\": 5\n    }",
							"options": {
								"raw": {
									"language": "json"
								}
							}
						},
						"url": {
							"raw": "{{url}}/phone/4/",
							"host": [
								"{{url}}"
							],
							"path": [
								"phone",
								"4",
								""
							]
						}
					},
					"response": []
				}
			]
		}
	],
	"event": [
		{
			"listen": "prerequest",
			"script": {
				"type": "text/javascript",
				"exec": [
					""
				]
			}
		},
		{
			"listen": "test",
			"script": {
				"type": "text/javascript",
				"exec": [
					""
				]
			}
		}
	],
	"variable": [
		{
			"key": "url",
			"value": "http://127.0.0.1:8000"
		},
		{
			"key": "token",
			"value": "123456"
		}
	]
}